id,penalty,l1_ratio,alpha,max_iter,random_state,n_jobs,n_samples,n_features,n_classes,n_clusters_per_class,n_informative,flip_y,scale
275,l2,0.8016372832322032,0.01,331,207,2,1040,837,9,5,8,0.0832770037182717,35.77886680452959
28,none,0.2470426028644537,0.001,130,854,-1,1244,960,10,2,9,0.04282811077193123,19.313554114738267
103,l2,0.6956101751640511,0.0001,832,973,-1,948,1299,8,2,9,0.012388354577656958,7.079640745360612
387,l1,0.4281734574949223,0.001,152,935,-1,854,158,7,5,10,0.03374963926609966,29.52829448017405
226,none,0.40161009945423104,0.01,475,452,1,513,442,9,5,12,0.011187960840264091,31.29288242445584
269,none,0.8415627993817093,0.0001,350,426,1,410,1282,6,2,6,0.08628058266744193,32.425642627279714
135,l1,0.12520033669976255,0.0001,711,892,8,267,142,2,2,9,0.08400974351447925,88.03324146755453
232,elasticnet,0.32499143094942706,0.001,685,470,4,746,675,8,5,10,0.08226100528987082,87.31238902048437
20,none,0.7285332615700323,0.001,213,101,4,222,128,6,4,8,0.0008417235153927449,20.919170879282614
216,l1,0.32940324106634866,0.001,994,826,4,129,410,10,5,9,0.009375232873258688,35.42804590222989
79,l2,0.7243331252036573,0.001,689,724,1,469,980,3,2,8,0.02263022392509674,72.73738518081694
353,l1,0.27441895629528257,0.001,304,903,1,638,171,4,4,9,0.009661836769328726,90.9309867063273
159,l1,0.6967468352361912,0.001,143,554,8,141,1226,2,2,8,0.05774673445699701,89.6821674138414
221,l1,0.4087289800836396,0.01,162,58,2,1250,765,6,2,9,0.08967714034787568,51.0615680214618
43,none,0.669810868816691,0.01,913,713,-1,329,806,3,3,7,0.06429757013824731,87.97230490850201
399,l2,0.3975316231588546,0.001,400,515,1,756,632,2,2,6,0.07997464200198151,97.1245836240277
66,none,0.7959420991727629,0.001,401,801,1,663,1295,8,2,11,0.014647189940011709,39.99192763316262
300,elasticnet,0.783731427812063,0.01,551,995,8,1279,1042,10,3,11,0.0014054347608064234,87.02821432950859
371,l1,0.8184978617319486,0.01,925,326,2,1074,537,4,5,9,0.043891219431037166,63.827166192820556
23,none,0.18438998226164086,0.01,306,446,-1,704,611,10,5,8,0.025607122260768944,26.31383823142617
253,elasticnet,0.3004523922154627,0.001,581,901,8,1282,1216,7,4,9,0.010937389921551369,17.235972269616394
80,l2,0.4702377552731282,0.0001,817,636,-1,977,281,5,3,9,0.0501818020544648,8.63276302675081
375,l2,0.8114095334036745,0.01,638,404,1,854,1136,7,3,11,0.01651915274151323,68.82229801435166
298,elasticnet,0.673572848031311,0.0001,835,235,1,1143,759,3,3,9,0.060582344138023124,78.35524853356974
84,l1,0.20282012954449732,0.001,870,996,1,679,291,10,5,9,0.05332177781689062,50.37560775775348
118,none,0.36438318264809744,0.01,820,155,4,1274,1318,7,4,10,0.03861711631407658,76.7695481399613
358,elasticnet,0.4955511361574073,0.0001,306,696,8,615,397,9,3,9,0.01729949083660375,84.2990554127624
90,none,0.4191031699286277,0.001,519,737,-1,956,586,9,4,11,0.06194852529370814,14.389723956116184
378,elasticnet,0.43032465292560695,0.0001,171,97,-1,660,130,4,3,9,0.08012222366086626,4.887383655126246
145,l1,0.8841546810920161,0.01,190,192,4,194,1037,3,4,7,0.06906086446297413,11.037936037974202
147,l1,0.8244612312243246,0.0001,902,99,1,107,1384,8,5,8,0.015682108090970967,77.88234755465805
78,l1,0.7158647246279053,0.01,423,651,1,869,311,4,2,6,0.03907671086604456,8.238954435884622
127,elasticnet,0.4050893892375799,0.0001,122,792,4,497,1030,4,3,9,0.0587772050512989,14.292437861681256
330,l1,0.6705239015658913,0.0001,184,805,4,237,597,7,3,11,0.07040848484549493,63.87336386396913
354,elasticnet,0.32215862197214423,0.001,966,645,-1,356,848,5,3,7,0.0260638369967388,78.79817313116591
82,elasticnet,0.7191709874667859,0.01,765,588,2,716,1326,2,5,7,0.02515933612439395,36.20335816074756
224,elasticnet,0.2267899368115167,0.001,844,441,2,1015,1108,9,4,9,0.08206703007227559,4.7196462697156445
345,none,0.7663064356635404,0.01,442,649,1,480,816,5,4,9,0.019681677951982515,18.46323088708859
328,none,0.7904174928373668,0.001,140,307,4,898,113,3,2,5,0.010081868954371298,81.53665616766695
393,elasticnet,0.26694297273478695,0.01,419,589,1,689,669,3,3,7,0.007094611940394523,50.4043990057601
39,none,0.6716039424758871,0.001,123,525,2,267,509,7,5,9,0.09063417498141624,78.06038636853859
178,elasticnet,0.7683199314506907,0.0001,715,91,1,1107,757,8,2,10,0.07566912215851762,40.09827203374915
367,l2,0.6405070768051574,0.0001,612,713,-1,330,284,9,2,9,0.07505295572735246,62.631816450858345
155,none,0.6022795080343182,0.0001,476,641,-1,1311,1123,6,5,9,0.0994676307871796,19.856259798982858
357,elasticnet,0.8018037627986389,0.001,222,531,1,808,1309,4,5,10,0.09046913777976867,27.310299649660735
107,none,0.26593031257580857,0.0001,254,798,-1,641,952,6,4,11,0.008695687813015463,28.601442570854637
71,l2,0.5733142239953207,0.01,274,744,2,733,262,4,3,8,0.09645148455233274,61.88778305300314
234,l2,0.2418537874912549,0.001,156,580,8,100,1260,9,2,8,0.08913541076492594,54.42871798234497
18,elasticnet,0.4315585875325579,0.001,265,895,4,646,1001,3,5,7,0.025358379135817774,53.09529102472871
318,none,0.12337379438792055,0.0001,240,861,-1,805,778,4,3,8,0.08969990688958482,26.436082049124387
206,l2,0.3348326267263804,0.0001,301,970,8,984,1299,6,4,8,0.03460422461749979,62.076830915760546
349,l1,0.4569653260632393,0.0001,156,992,-1,650,1026,7,4,8,0.004895977998115597,60.801582802574245
373,elasticnet,0.4211241404004118,0.0001,165,860,4,1249,1147,9,5,10,0.09402867194385356,88.51921067297424
266,l1,0.59797887154521,0.01,686,405,-1,186,1237,5,3,7,0.09354973305716424,11.531236845661313
249,l1,0.479688217914091,0.01,402,769,1,227,1065,5,5,8,0.060991270733550436,36.148826116087925
307,l2,0.8770809306518798,0.0001,641,668,4,974,383,6,3,10,0.042383715188311626,29.164315268820015
33,l1,0.3257694510905947,0.001,420,390,4,1058,607,8,3,7,0.0965846535528614,32.414644129917825
158,none,0.2869404213989,0.001,778,282,4,553,1333,7,5,8,0.0345590492677882,61.61805388104495
15,none,0.19389172529918391,0.0001,103,288,2,111,573,3,3,8,0.005868679446968262,23.33802954308096
395,none,0.14792518946251898,0.0001,268,751,4,1122,1300,5,5,8,0.050965231642782965,70.96673913650108
343,none,0.12173827726784472,0.0001,149,137,2,852,172,4,4,9,0.0053173841569576046,59.70862688131741
164,none,0.6997546821124712,0.01,943,838,2,343,1195,8,3,9,0.018574091108678126,16.388827821612228
13,l2,0.4984612123067702,0.01,668,503,8,500,1370,9,4,8,0.08575708243973679,47.61937705868872
129,l1,0.6968173363303647,0.0001,719,538,4,444,838,10,2,9,0.019043847532037552,68.37654533713794
241,elasticnet,0.3057990668918823,0.0001,916,338,2,925,387,9,2,10,0.09620469598108712,46.75981574840607
279,none,0.5428354044271027,0.001,857,400,2,720,877,8,2,7,0.09447414192556217,92.59623776033074
314,none,0.1347345194223551,0.001,672,484,1,406,257,5,3,10,0.026960179548669274,74.95448318299984
32,l2,0.6542838550567868,0.0001,944,678,4,151,835,3,4,9,0.021448468438189663,56.52769059834353
17,elasticnet,0.6317504304161463,0.01,719,259,2,103,209,9,3,9,0.05438506551653896,76.88807496251782
297,l1,0.3359697728195465,0.0001,757,197,-1,1372,796,2,3,7,0.07157965539802404,89.39485357447364
250,elasticnet,0.35371964181701265,0.001,285,606,2,954,1054,7,4,10,0.09507271734912803,66.06619207751461
329,l2,0.27819967629118186,0.0001,531,153,2,1061,155,2,3,6,0.002331292242645277,18.10173502154842
244,elasticnet,0.2329565615030797,0.01,524,638,4,477,959,5,2,8,0.06684093753401638,59.405296051115926
227,none,0.5596441292585953,0.0001,753,803,1,309,1192,4,4,8,0.09065256463588917,8.831795683319829
251,none,0.3742752540726191,0.01,221,52,-1,917,1086,9,3,9,0.07455569603939477,53.02091555703301
348,l1,0.4380232355116844,0.001,919,779,2,191,225,3,2,8,0.016894434260313253,86.81045795225937
211,none,0.12638957622863148,0.001,454,0,8,435,1088,6,4,10,0.08176526588622468,30.959532967566037
146,none,0.3105053708396982,0.0001,761,671,1,1021,1362,9,5,11,0.09794672020043126,98.85266974467682
335,l1,0.7625241301717095,0.0001,751,984,2,397,936,3,5,8,0.014940994224050897,46.1361364439929
283,none,0.27385693604656497,0.001,309,834,2,908,922,5,4,9,0.01899685117534857,21.89716204508395
324,l1,0.228755026428098,0.0001,260,438,4,472,1179,2,3,7,0.05377571862272284,43.34923581203867
361,l1,0.3956866619569565,0.01,296,23,4,1161,1328,3,2,9,0.058619144101503325,42.77164873727346
153,l2,0.4149371603625141,0.0001,953,74,2,385,545,8,2,10,0.06786767159664116,75.92954737719279
262,none,0.5669115291181288,0.0001,868,106,4,633,216,3,3,7,0.09734830952282954,9.387286330179318
191,none,0.10035576805598936,0.01,374,640,2,750,504,7,4,10,0.07847938720487135,14.619177372464366
356,elasticnet,0.32043419303893944,0.001,354,736,4,862,814,9,4,12,0.036173760448469434,20.185118886601032
112,none,0.6934076923540307,0.0001,316,728,4,707,300,2,4,8,0.009515852078830857,31.19279889348143
25,none,0.6276622009258644,0.001,871,499,1,173,468,6,3,9,0.047897247997282996,52.697092121432846
217,elasticnet,0.6822979320351329,0.001,907,766,8,964,385,10,3,11,0.010855684028833412,45.59549282968688
163,none,0.4380623732022222,0.01,204,98,-1,166,803,6,4,7,0.005976656557488136,93.99294883827575
183,l1,0.8384629900607877,0.001,998,418,-1,831,193,10,5,8,0.05086389582933165,50.84866376198778
10,none,0.8680995692048329,0.0001,479,535,8,1178,1047,7,4,8,0.017704942428251415,73.6588161823334
248,l1,0.10125369711569726,0.01,269,491,2,225,1031,10,2,7,0.03212877653580224,42.167079441234115
165,l1,0.1996834274147611,0.0001,880,789,8,639,1191,9,3,11,0.09240495578715298,1.9123897101666616
156,l1,0.29807791606074985,0.001,952,819,1,717,814,6,3,8,0.0835157090821635,15.582684248912413
208,l2,0.4443395482743877,0.0001,436,901,8,1253,899,5,5,11,0.043947201381904936,38.52550212059509
58,none,0.13628286851694354,0.0001,727,543,4,1290,1048,7,3,7,0.0140836483861294,17.720839831322664
296,none,0.294462618487081,0.0001,341,716,-1,1078,347,3,4,6,0.01921953972273034,91.86220088193798
55,l1,0.1663316073858921,0.0001,735,216,1,1313,686,3,4,9,0.0033718580514147225,95.43242065712194
11,l2,0.5742061293137437,0.0001,259,960,2,860,639,10,2,11,0.03616481495832862,82.90484142005123
57,l2,0.5783712904045345,0.001,526,675,-1,476,481,8,4,12,0.09317310722412207,90.58993805310214
390,l2,0.33192476026556283,0.0001,441,206,4,136,761,8,2,8,0.07264435316324001,19.898520847654826
35,elasticnet,0.4155595708945797,0.001,639,205,2,418,768,4,4,8,0.028196963142578624,8.132057461027111
27,l2,0.8561946304196905,0.0001,763,834,4,584,130,6,4,11,0.08896351678170923,39.54142929964096
88,elasticnet,0.34774724227155823,0.01,749,842,4,1336,696,2,2,7,0.06903141453053023,31.870340200681664
69,l2,0.7813580651461537,0.001,373,763,4,1273,339,2,5,8,0.0314742879338604,28.3645483703446
125,elasticnet,0.40518889335274605,0.0001,442,119,-1,578,1035,7,4,9,0.056843922268832676,35.766198022208904
218,none,0.2887290985025336,0.01,131,75,-1,546,909,9,2,8,0.057686574836750125,51.27452176520402
92,l1,0.5213275563571693,0.01,453,553,4,599,732,4,3,9,0.0608350860889583,21.20743820313216
313,l2,0.6524324083374989,0.001,551,526,2,388,583,2,2,7,4.664195609896949e-05,13.133173758675024
204,l1,0.8591389931905178,0.0001,728,309,8,384,715,4,4,10,0.029505997525248674,61.25147046874223
137,elasticnet,0.4912862587129026,0.01,707,127,8,1074,508,8,3,7,0.07910161127240986,20.879586300402305
187,elasticnet,0.326674993757026,0.01,427,128,4,913,572,6,3,10,0.03867852944414396,93.03721661076206
304,l2,0.13428257737603574,0.001,750,813,1,754,1175,2,3,5,0.029415200936797805,69.41289653140372
231,elasticnet,0.7620186054268553,0.001,634,192,1,594,383,10,4,8,0.06459006549732603,97.26690405846551
3,none,0.4746050815435608,0.001,829,103,4,877,313,6,5,7,0.05726111196739875,82.25722236611179
311,none,0.2471423216513241,0.001,359,77,-1,704,984,6,5,8,0.0015577117304048872,96.63148770815769
81,elasticnet,0.6815313500801998,0.0001,803,484,4,727,695,9,3,10,0.027913600393896912,3.809690197807394
280,elasticnet,0.370064290300904,0.0001,502,444,4,642,536,7,5,11,0.003050410683056471,60.80768805277692
87,none,0.6602900766328983,0.0001,443,747,-1,366,1020,3,3,7,0.0168378620899626,77.61048893563425
376,l1,0.5606009648900027,0.01,490,95,1,1226,1061,5,2,8,0.08322597552573444,92.5763053441922
192,elasticnet,0.6235250136912234,0.0001,692,120,4,144,1206,5,3,8,0.09437394007287188,16.655688374471126
201,none,0.38181673953432094,0.01,300,245,8,206,1341,7,2,8,0.032642282359376336,97.37769512803648
268,l2,0.4026483851303678,0.01,980,872,2,1050,421,2,3,7,0.009523007059851851,37.65400877755351
341,elasticnet,0.6319839012350307,0.0001,249,733,-1,549,1297,7,4,8,0.06320250629060258,11.995859571817928
340,elasticnet,0.2906116517580702,0.0001,384,691,1,770,650,6,5,7,0.09586295258861327,43.6384904973956
170,elasticnet,0.5332208011519418,0.001,878,447,1,160,227,10,2,9,0.02178879091357925,3.4862425764836305
104,l2,0.8359062968296559,0.01,982,214,4,581,605,6,5,10,0.031223133677859293,15.351909428968213
299,none,0.3766170269134569,0.0001,217,6,-1,641,1030,4,5,7,0.08338068697092665,89.08955509171953
230,l1,0.791422268135568,0.0001,554,985,-1,187,440,6,4,7,0.004922048076479069,6.799206696864838
323,l2,0.6229483573021246,0.001,920,580,8,430,474,5,2,6,0.037872669023788615,51.56433159269081
7,l1,0.2828406107054889,0.0001,422,143,8,677,737,9,5,8,0.04046325489481176,54.62820555371398
368,none,0.2340041786761297,0.0001,729,491,2,937,152,3,3,10,0.08440456320806049,84.53298470068692
70,none,0.7221919404479871,0.001,764,493,8,664,1073,3,2,6,0.0699202045342529,68.18126302798855
336,l1,0.2553200077692831,0.01,942,676,2,1325,1302,8,3,11,0.07236516193723701,59.063374069992896
14,l2,0.6587242099913071,0.0001,386,66,2,907,1090,5,3,9,0.0876985114764327,43.704769878186035
74,l2,0.8160960502041162,0.001,251,194,8,555,1121,4,4,7,0.02335571417277973,91.55558503433512
64,none,0.8476485957129611,0.01,560,206,1,1351,162,9,5,11,0.004227882502138425,64.22695031151193
203,elasticnet,0.7506880152633376,0.001,489,22,8,1026,252,3,4,8,0.07544834849183918,32.12973631380475
222,l2,0.5067299102164502,0.01,929,902,1,1377,758,8,2,9,0.00625572075128349,33.014523300944475
49,none,0.4496557843334914,0.0001,513,658,-1,107,154,10,2,7,0.08139442325341502,6.651352635978865
245,elasticnet,0.491496469397505,0.01,177,283,2,325,1076,6,3,7,0.06326520936197075,47.4022990512025
309,elasticnet,0.23906306414749426,0.001,842,277,8,1282,1168,4,5,9,0.04089889326004847,16.47897144925207
60,none,0.533076731795474,0.001,758,454,8,1234,1252,4,3,10,0.01930982997985945,32.552637583657415
360,l2,0.8706856984160009,0.001,689,9,1,1178,345,2,5,7,0.06315376876645122,31.181437930276104
185,elasticnet,0.5634396550613812,0.01,875,177,-1,802,676,8,5,10,0.09958620792583006,45.84785364946817
273,elasticnet,0.6070929300631476,0.001,456,205,-1,792,1252,7,3,10,0.01940629989563973,80.11558916130377
139,l2,0.6120403869468257,0.01,552,180,-1,1172,756,2,3,8,0.04739655021636592,61.33570818537361
131,l1,0.12837049469273165,0.01,452,55,4,256,1095,6,3,7,0.042865430980721625,66.76752624501208
76,elasticnet,0.16812692312121974,0.01,737,958,2,1050,809,8,4,10,0.0833761679380885,97.33345437445593
342,l2,0.8224979492285563,0.0001,115,269,1,568,808,6,4,8,0.013674741713633276,79.28700157086736
124,elasticnet,0.7352769394323213,0.001,510,999,-1,281,343,4,2,8,0.05931024311528885,44.58926384769729
93,l2,0.10783522353600372,0.0001,277,622,8,1118,478,5,5,9,0.0056980994081237924,62.737518814793155
236,l2,0.7556315433172911,0.01,639,295,8,335,621,3,2,5,0.09986641339051534,99.0126438592366
207,none,0.16587356671576725,0.0001,536,966,4,1077,714,7,3,10,0.07479540450556216,65.29182937455289
65,l1,0.7644241872872437,0.001,275,78,8,592,316,5,3,9,0.008014936131210394,95.612174651645
302,l2,0.491635802093415,0.001,440,458,2,567,1110,7,3,8,0.08183916519763255,33.32559245801649
197,none,0.17815513409420947,0.001,670,939,1,559,178,7,5,8,0.07360812446344987,25.235183139932012
171,none,0.7848266080977478,0.01,726,559,1,1048,357,10,3,8,0.07611581092819772,14.776065066665547
209,none,0.21420062856665426,0.01,836,843,-1,124,1364,2,5,7,0.024646386475930628,53.345859862140934
320,l1,0.5404236095515215,0.0001,815,456,1,720,1296,7,4,7,0.020566393554355668,5.291228077323763
149,none,0.12416729864913377,0.0001,434,745,-1,1351,1020,3,3,9,0.011966248770899204,7.163308468360434
30,l2,0.8510890738621999,0.001,362,610,-1,1052,973,9,2,10,0.028050896483092225,84.7829812516147
105,l2,0.3714467447012176,0.001,875,752,8,784,650,5,3,9,0.03379542191710742,83.25792976800689
281,l2,0.7932457483607256,0.01,161,165,1,724,1252,6,5,10,0.048997136881417526,42.15536733512595
247,none,0.5967724933250568,0.01,826,12,4,170,989,5,3,7,0.025267532813844654,59.61411797915445
1,l1,0.7277441802627995,0.001,578,569,1,790,373,4,5,7,0.07778086970406907,54.626301950189344
97,elasticnet,0.2507379302379513,0.01,674,1000,8,1220,729,6,2,6,0.003299097286597608,85.98874629444364
315,l2,0.346099398002955,0.0001,160,662,4,408,1124,7,3,8,0.001384157303750222,52.33695152850643
193,l1,0.1225180417342184,0.0001,228,140,4,395,931,5,5,7,0.04606709140610225,48.40266842408117
48,elasticnet,0.5414965905671205,0.001,757,717,1,910,1059,5,2,10,0.02857463362766237,99.66447324821286
44,l2,0.8952199191980772,0.01,255,264,4,1064,627,7,4,8,0.0425560249806034,2.710736649877209
363,none,0.8407893306741874,0.001,296,751,1,1063,1129,8,5,11,0.050294719947183576,79.33734140458408
114,elasticnet,0.6095512025522825,0.001,493,629,4,1105,637,2,3,6,0.015737663174637963,4.748500638214388
160,none,0.4686887744820768,0.01,958,646,1,194,181,3,2,7,0.07428620605724594,60.807984745987504
219,elasticnet,0.8270556592617604,0.001,269,549,2,1172,505,2,2,9,0.0017068346111223653,19.63121977742078
36,none,0.7404370989013533,0.01,735,524,2,1071,889,9,4,10,0.007839659801525468,38.66135658889757
255,elasticnet,0.2264558801038973,0.01,790,10,-1,650,1002,5,2,7,0.021207102667675597,68.65966491106104
366,l1,0.8680185642406403,0.001,696,319,1,255,411,4,4,10,0.025839971254467662,99.74843744892587
212,none,0.8188461465074759,0.001,580,440,-1,1123,1304,5,4,9,0.09853672927430478,29.28440948403715
223,l2,0.2789377639520625,0.0001,960,413,8,1192,878,8,2,7,0.014781465982586154,69.84434925256059
31,l2,0.8216642094476111,0.001,161,978,2,621,1037,6,5,7,0.09814697547263093,67.65263264625281
189,l1,0.695892457449826,0.001,105,374,2,1058,549,7,3,7,0.008472213627560099,74.75214642115628
136,elasticnet,0.8311281496850275,0.001,592,769,1,191,805,8,3,7,0.029973245971532364,18.286377980854155
115,elasticnet,0.3353486904214548,0.001,895,157,8,752,1080,4,3,10,0.047941673604843714,84.18964004672155
100,l1,0.7121113422597233,0.01,483,211,-1,1299,130,6,3,9,0.015476461706330569,94.52401720615588
157,l2,0.27532609611273096,0.01,454,778,2,999,458,7,3,10,0.08219949361089096,48.54848960561864
331,none,0.16094629337374436,0.001,446,208,2,271,1022,3,3,8,0.07027934587449979,23.64263127020225
130,l2,0.2588080678407145,0.01,522,539,2,1275,883,4,2,7,0.011512891228157985,50.237963589236564
29,none,0.634387545939685,0.01,846,531,2,409,1243,9,5,11,0.028190907986109383,56.159862698516385
240,none,0.4378668081553493,0.0001,997,345,4,1124,629,7,2,8,0.012504928632228485,26.834542444984784
34,none,0.7971493593977803,0.001,794,684,2,826,327,3,5,10,0.0645607231819216,71.06891425356852
252,elasticnet,0.4635485868983472,0.01,797,247,1,1150,1118,2,5,10,0.09493341260986754,56.570380994625474
243,l2,0.5563951116641057,0.0001,672,910,4,584,1269,9,5,9,0.08666837789869472,74.61463169241405
271,l2,0.28976935303122964,0.001,642,103,1,132,1095,2,3,7,0.03414096080670452,69.56097557359594
16,none,0.7960227679052791,0.01,691,947,1,484,1276,3,5,7,0.08791140299792735,86.08049311747857
321,l2,0.6978774744188101,0.001,976,651,-1,426,612,9,3,7,0.062130149033200764,72.5909162515417
396,l1,0.2451836493927256,0.0001,362,53,2,1096,1126,3,2,8,0.08538191975863597,89.54254139571573
284,elasticnet,0.8937690151479828,0.0001,995,351,8,1081,203,10,5,12,0.07519728054515805,78.88620431361582
257,l1,0.8817664682012074,0.0001,312,708,2,1280,737,5,4,7,0.05111494580898149,96.29161640841768
40,l1,0.2452550865700357,0.001,452,293,-1,1194,1028,8,2,8,0.0667047897988047,64.3545332196565
59,none,0.3335926773800143,0.01,686,6,8,1039,431,4,4,10,0.020258697131737242,5.774012521822102
198,elasticnet,0.6150780459753127,0.001,435,286,8,769,347,9,5,12,0.0669126121159188,71.38287333796042
6,none,0.7585653839942273,0.0001,929,532,2,908,691,5,2,6,0.09532428303952556,98.23836667149479
106,l2,0.6947105700080405,0.01,322,533,-1,1182,310,8,2,8,0.046450904761210186,13.392214468043795
67,l2,0.4295011572021925,0.0001,924,439,4,388,707,3,5,10,0.08897883598458463,25.31745481932301
123,l2,0.4190103259407313,0.001,907,868,4,1321,1026,3,2,5,0.01777848685993464,35.129438553055536
384,l2,0.8084199623181095,0.001,317,719,2,1357,661,8,2,9,0.02823113527482425,44.91701559392008
350,l1,0.1124752420615364,0.01,947,356,2,868,544,10,2,10,0.06505927102709748,99.4329263010804
91,none,0.2579260448134074,0.001,696,75,8,1261,877,3,3,9,0.0817309470791511,2.4385327669669503
317,l1,0.8473499970648505,0.01,751,121,4,1158,277,7,4,9,0.0779796575919256,9.820737253700658
184,l2,0.7006602417198378,0.0001,930,899,2,700,1152,8,2,11,0.03927303772701865,6.392235087658732
186,elasticnet,0.5880191539602052,0.0001,856,573,2,1029,306,8,2,7,0.015516411625137928,45.22485525830618
351,elasticnet,0.30117683730137257,0.001,422,210,4,658,1100,10,3,9,0.05156818228139925,66.01300104861205
50,l1,0.7695571806568671,0.0001,769,601,8,1152,233,8,2,11,0.022866477078510528,40.02270228329921
182,none,0.3961017771946085,0.0001,159,556,4,999,1000,7,2,8,0.003856736605866929,1.9083489993061107
94,elasticnet,0.796808239162756,0.001,738,565,4,141,1137,4,2,8,0.000474221432377675,23.978284373015786
8,l1,0.7661758876856857,0.01,308,85,8,498,1191,2,4,9,0.0256387618132787,54.16634644558742
63,l1,0.7800786390018786,0.0001,839,788,2,239,211,9,2,7,0.08420323918835816,80.18689157748123
161,elasticnet,0.22178689402827606,0.01,640,964,4,485,857,4,5,10,0.08763354763024367,68.16235976720728
259,l2,0.4656803438812957,0.01,857,511,4,1290,1002,7,3,7,0.018407257715931914,5.072274062703125
132,l2,0.4808896554154394,0.001,451,12,8,1231,262,6,2,10,0.034021235049915326,77.88936692994525
210,l2,0.5131784596913458,0.001,441,590,8,659,892,7,5,10,0.02344259356858497,67.45860084880191
263,none,0.20929653002654836,0.01,787,323,1,679,182,3,3,8,0.0959619809575367,7.494732844910003
337,l2,0.8688677489472585,0.01,357,728,4,158,1342,6,3,11,0.08697389094847917,55.42254319203696
181,elasticnet,0.6751892656541292,0.001,389,574,4,906,147,7,3,11,0.0773735238633318,82.42644200519928
383,l1,0.3651494651360644,0.001,629,349,4,117,666,4,3,9,0.09752997374898056,30.91335589239974
167,none,0.7056203574859268,0.01,900,878,4,184,1076,5,4,9,0.023849230202231387,9.769388229939905
254,elasticnet,0.35980471379981394,0.001,944,130,4,482,296,5,3,9,0.08217605011663195,25.80090721601484
22,none,0.677498027639295,0.0001,213,445,2,859,562,8,2,9,0.03103868562128055,43.451402689455755
195,l2,0.4000904563301678,0.001,824,320,8,676,1199,6,5,8,0.09568902370285136,98.2237321184475
289,elasticnet,0.17043416812498818,0.01,167,519,1,1389,625,6,3,9,0.011751208713035331,51.69539445106467
9,l2,0.2490184932637317,0.001,510,574,8,1380,803,9,5,10,0.02462043481946941,75.04805403825827
327,none,0.16793945589757975,0.001,304,277,-1,1101,183,3,4,8,0.07795426034409479,26.29085105579581
305,elasticnet,0.6130167540641583,0.01,258,227,8,937,804,2,4,10,0.003661909594224156,82.65143131745032
386,none,0.38255642414999536,0.01,701,493,2,1310,1363,6,3,8,0.0968261983721105,33.87567326434121
272,none,0.290711578598398,0.0001,865,667,2,463,1206,4,2,8,0.011732969436733876,54.84737956842614
47,elasticnet,0.7187414191134247,0.0001,335,233,2,952,1379,7,5,12,0.06935144384447438,5.965018567875393
179,elasticnet,0.4757739372841757,0.0001,414,872,2,1017,872,7,5,8,0.07886476703433491,23.15347348328701
392,none,0.5842715684943193,0.0001,460,412,8,125,147,7,3,10,0.0603838722158782,21.73260639079903
385,none,0.5195664530699226,0.01,633,20,2,461,1022,2,4,9,0.019937453887419382,6.576915963771199
24,l1,0.5011216536136293,0.0001,695,254,2,893,405,3,2,6,0.08439677229296458,90.24700006235216
150,l2,0.3794612628271928,0.01,511,919,-1,742,146,8,3,11,0.014524126069923616,74.946201458432
175,none,0.8033988507110407,0.01,761,303,2,145,1318,4,2,9,0.04521332894662693,5.175807697339457
199,none,0.6292445618431122,0.0001,781,974,1,703,1130,3,4,8,0.00479370202774675,99.62451574942058
174,l2,0.2334250399639246,0.01,780,810,4,1142,1079,10,3,11,0.020693493322421253,58.50041572497882
177,l1,0.4970700928878692,0.01,420,883,1,886,1213,5,3,9,0.09976021843432288,36.471724912046035
276,elasticnet,0.3410895281322566,0.0001,382,626,8,857,613,3,2,5,0.07119610728760897,56.22173534367521
4,elasticnet,0.39504943688096783,0.001,167,418,2,216,644,8,5,11,0.07372770053649044,95.51560075757996
190,l2,0.34933819925632675,0.01,907,329,4,164,779,7,2,7,0.020502178320654176,43.387371021078465
143,l1,0.8561765294656309,0.001,446,13,8,837,414,3,3,6,0.012444655123030869,28.443144393783
369,elasticnet,0.1647194557689149,0.001,570,132,4,547,946,2,4,9,0.028852088291787707,60.46247491248601
287,l2,0.6657638687903863,0.01,414,961,4,1394,770,9,4,10,0.05843562809303411,30.431080987171626
196,l1,0.7950434147675838,0.0001,998,198,1,1358,323,2,5,8,0.07102989778605871,13.715509885471072
379,l2,0.43076526664557896,0.01,385,791,1,515,409,7,5,11,0.009121719518884108,69.63722051876773
128,none,0.7006973175181508,0.0001,119,202,4,433,863,9,2,11,0.09626130119241998,4.7624436481111685
260,elasticnet,0.12019750383336325,0.001,497,394,4,575,1328,8,4,10,0.05868900388130765,56.30980972749262
264,l2,0.35307552676047504,0.01,450,434,2,1269,343,5,4,9,0.07315888702268504,48.54867768684992
73,l2,0.6330553464338657,0.0001,212,528,1,545,1099,5,3,7,0.027015069109764325,5.081792131172311
364,none,0.2323439186145664,0.0001,925,364,4,762,365,7,3,9,0.041488095104463364,53.880521481371524
45,l2,0.31950425004433114,0.001,420,434,2,1366,944,5,5,9,0.05688755102155586,92.74873644756781
326,elasticnet,0.6280542001909358,0.001,440,100,-1,1253,1162,10,5,9,0.011787753667359535,22.028070231164843
102,elasticnet,0.5522681641945528,0.0001,105,230,-1,1063,922,10,5,8,0.021835744744154298,25.32858058236999
96,l1,0.6800409836931776,0.01,291,266,8,1283,1159,4,4,11,0.09058378040106348,26.438235058625487
68,l2,0.8844695832508869,0.01,370,137,8,517,1263,8,4,11,0.08232039900944621,79.59594836706216
214,l1,0.7117987054728883,0.001,976,890,1,877,1239,7,4,8,0.0816200198024904,39.721434298304885
233,elasticnet,0.21763248948414635,0.0001,260,580,1,1215,1380,8,3,11,0.07287169135969516,20.67943706569913
370,l2,0.7172333815870092,0.0001,143,348,8,1397,207,5,4,10,0.03702253877541555,91.98383481223024
333,elasticnet,0.730113493115685,0.0001,429,32,4,594,998,2,2,6,0.08310802932094025,17.919484593081613
372,elasticnet,0.8046443510631133,0.01,625,304,2,642,510,5,2,9,0.07461348796240963,92.40808957696238
166,l1,0.5253313526383535,0.01,898,874,4,338,1064,6,5,10,0.06869228439620878,69.81606228655866
72,l1,0.2897555425407708,0.01,270,324,1,1296,1264,5,2,10,0.07304949065061782,36.7815713675826
332,l1,0.8122753683025937,0.0001,117,225,-1,392,126,3,3,10,0.025006391370166248,28.946609842369146
239,none,0.1639336340184217,0.01,876,139,2,975,608,3,4,9,0.016329502963466337,87.4073756589974
75,l1,0.4384201286058843,0.0001,460,2,-1,1126,1155,5,3,9,0.04794221509282807,25.32395358951146
172,l2,0.490443131223313,0.01,732,871,1,299,1081,7,3,8,0.05165195743601847,38.23551592410368
316,elasticnet,0.4625856007637138,0.01,702,958,4,839,675,4,4,9,0.0699976689191069,93.87227077776663
258,l1,0.7414253077402189,0.01,386,29,4,1223,642,2,4,7,0.06482461459662102,68.07701748459148
77,none,0.2259206739618292,0.001,797,646,1,819,543,4,2,8,0.029815751838417264,95.31878888064443
365,l2,0.8784090455180803,0.01,419,538,8,454,852,7,4,10,0.035148611398506883,4.199950628156124
53,elasticnet,0.5207638153587055,0.001,397,670,2,497,770,2,5,10,0.07296265397572932,52.98487009901202
278,l2,0.7421305922218434,0.01,994,67,4,1221,867,3,2,8,0.06898387521588688,75.51702701752411
294,l1,0.4297451685054753,0.001,121,139,-1,940,1326,8,3,9,0.09947626893994248,11.839406392452785
86,elasticnet,0.6144576809408471,0.0001,723,528,-1,622,655,2,5,10,0.010718198006165693,80.29550416028638
89,elasticnet,0.2164564782421996,0.01,816,481,2,178,187,10,2,11,0.060596167079655525,33.88345781618676
237,none,0.5139094610201376,0.01,901,547,2,1030,373,2,2,8,0.04892275343242936,48.8794313475468
291,elasticnet,0.4980139329811902,0.0001,610,409,-1,1001,157,3,4,7,0.03833331415382028,84.65016207994447
162,l1,0.8720900849371241,0.01,352,558,2,1197,675,9,2,7,0.06407359069245791,56.94033004856058
229,l2,0.5289459017296293,0.001,533,293,8,647,1131,4,3,6,0.05992758696653432,71.16086803296494
108,l2,0.3257836573374268,0.01,555,631,-1,1285,1227,8,4,8,0.00803758476408114,66.71466471736042
202,none,0.1702093845288622,0.01,761,828,-1,1198,587,10,3,9,0.02056712770099589,62.062684031801126
380,l1,0.5376868971087058,0.0001,204,211,1,171,665,3,4,10,0.08030529053345957,1.527627275498228
5,l1,0.3588374957904995,0.001,986,94,4,1396,861,4,2,6,0.09748338067033964,31.973446813472968
111,l2,0.5424551003985583,0.01,478,675,4,252,483,2,4,8,0.002610211867030976,35.225683644161755
54,elasticnet,0.16735354478384448,0.001,199,527,8,637,415,3,4,9,0.005147936700897338,55.19891496988554
2,none,0.745885421981778,0.01,588,529,2,428,1198,2,5,6,0.030196244071848,17.999964008578203
116,none,0.15817688570499505,0.001,902,9,8,1194,480,7,4,8,0.05157171248318252,46.50837493374121
0,none,0.3040826375906649,0.0001,417,475,-1,1089,327,4,3,7,0.07479794945725239,24.24200892577237
308,none,0.3925782947720435,0.0001,344,386,4,553,451,9,4,9,0.003597340970125928,13.688879588373421
293,l2,0.1381575558835464,0.01,422,937,-1,553,599,9,2,9,0.006985513027771173,67.4783415301936
359,l1,0.8921512080230458,0.001,637,142,-1,972,1203,2,3,8,0.044198219235757966,74.56576250436765
46,elasticnet,0.44055626674393256,0.0001,480,139,2,1047,523,6,3,7,0.0410089248412041,34.274398784122624
133,elasticnet,0.2563330003826425,0.0001,334,368,4,873,1024,8,3,8,0.0732364142601657,56.14595972521085
119,elasticnet,0.1049491339292068,0.0001,500,505,-1,1339,1047,7,3,11,0.07623611207873457,7.063580260680572
180,elasticnet,0.4070260864577708,0.001,147,299,4,543,1039,10,5,12,0.057500188075698226,87.91822286186047
99,elasticnet,0.2541408234553223,0.001,348,990,4,1150,300,4,5,8,0.09305782416639607,98.07395408103052
213,l1,0.296887910310946,0.01,486,881,8,872,459,5,2,9,0.027269985955279564,88.40830746443773
352,l1,0.4829949829075927,0.001,473,741,2,335,685,4,5,9,0.021545680512527955,60.38409762432863
144,l2,0.8758115124100501,0.01,431,19,4,1256,761,2,3,7,0.09004000505540859,77.0460407786932
228,elasticnet,0.4941388653420732,0.01,214,646,2,1045,1332,5,2,6,0.02475463440113616,42.20259658689788
274,elasticnet,0.27076392890265377,0.01,506,484,1,1038,384,6,5,8,0.005484921931283604,84.65368241286329
290,l2,0.19910843365281325,0.0001,357,297,8,902,949,7,5,10,0.058107368044499584,11.092265932665699
121,elasticnet,0.26348436983256,0.01,112,664,4,1047,179,5,5,9,0.02041296464407203,59.35628169187532
110,none,0.14159254724095893,0.001,794,196,4,972,516,3,3,7,0.09320505311446327,70.87900402502727
220,l1,0.6561880718714065,0.0001,125,866,8,643,1099,10,5,9,0.06992101848322292,69.20799547328843
225,l1,0.8525638182223241,0.0001,175,180,-1,912,1339,3,3,9,0.02624161927682339,3.1175719167949403
26,elasticnet,0.3245782630431623,0.001,973,987,2,426,245,7,3,9,0.04222733998669916,81.57823513341063
398,l2,0.5359668563151643,0.01,691,46,8,1210,679,8,2,8,0.02651132597168353,31.22347973409429
168,elasticnet,0.5071485494253326,0.0001,727,881,-1,663,900,10,3,9,0.04199537066854733,20.46776908196692
256,none,0.7373226438911423,0.001,434,439,8,691,532,8,3,10,0.029941709589633925,10.771260267764282
242,none,0.304947180015529,0.01,414,809,1,921,1317,9,3,9,0.01941309015868642,2.8035737787392883
37,none,0.3789600115834346,0.001,265,571,8,602,530,3,4,7,0.011067881120143976,61.64210878490057
194,none,0.18819013051869304,0.01,876,414,2,776,717,9,3,10,0.02150673988079186,77.71206752389338
38,l1,0.8840075789107326,0.0001,944,502,2,1396,493,10,2,11,0.09174469185288536,61.53857986871042
344,l1,0.87023868983522,0.01,130,318,1,1255,296,3,4,10,0.09444688258697366,17.744131253447566
151,elasticnet,0.6802725094117619,0.0001,326,600,1,128,572,5,2,10,0.05486076773667449,97.6414924384023
62,l1,0.1458609365705768,0.0001,315,812,2,1157,459,4,3,9,0.09450055217448178,61.031256945023486
306,l1,0.2814667150899009,0.0001,892,700,-1,738,1096,7,3,9,0.036222650451647055,47.73892760030799
200,elasticnet,0.4398112425280624,0.0001,788,264,8,965,804,2,2,7,0.010796368111808896,17.304691100793562
285,elasticnet,0.6947504927067045,0.01,830,655,8,301,713,10,4,12,0.012632646954674509,55.28381855963242
310,none,0.3936962539328952,0.001,683,171,-1,281,131,8,2,9,0.05754966402390399,37.13461869050011
142,l1,0.5961669325409924,0.0001,464,924,1,1378,223,6,3,8,0.03714907049014589,50.742158383326824
51,elasticnet,0.5235378988965808,0.01,686,191,4,486,369,5,5,9,0.06909200940448465,99.1023199925683
83,elasticnet,0.6780894845426568,0.0001,247,245,4,229,947,9,4,9,0.0575133324697251,3.1904328790548213
122,l1,0.3371130031732249,0.0001,444,539,8,719,118,10,5,12,0.09192012128462497,69.02926792326046
117,elasticnet,0.8340401909975071,0.0001,224,697,8,1330,589,4,2,10,0.07248992827282058,32.81719608488261
391,l1,0.6313058916541832,0.01,623,207,1,898,438,6,2,9,0.03405744048773198,33.22328279294774
277,none,0.16217029306743566,0.001,990,818,-1,223,281,9,4,10,0.059626819204740035,7.087431442941779
154,none,0.7765813224622513,0.0001,221,628,-1,536,655,10,5,9,0.019354151133846555,73.0633664588311
303,elasticnet,0.8157758952494095,0.01,201,319,2,1079,355,8,5,9,0.029462862975402963,49.18840156201913
338,l2,0.26836231888155115,0.001,938,875,1,293,397,4,4,11,0.009693049738443659,28.58063694028075
95,none,0.3527926084115345,0.001,105,120,4,1057,1263,6,4,8,0.004817400208749856,42.038458863965005
141,elasticnet,0.760179375160248,0.001,701,0,-1,881,997,9,3,8,0.023105979287870573,38.80710655767568
319,elasticnet,0.3490628052025683,0.0001,252,201,1,660,1154,6,4,9,0.07308287130617731,23.008014497385716
173,elasticnet,0.2834518173072904,0.01,911,612,2,760,724,10,3,11,0.033390801036551135,53.705492408880346
169,l1,0.3618281360860565,0.01,948,732,1,271,1063,4,4,8,0.05031378137724033,12.866238094533164
85,none,0.5475678811273096,0.01,303,991,2,316,604,3,3,10,0.04378710609422018,44.34279013142904
382,l2,0.3907024665724035,0.001,538,719,2,148,781,9,2,7,0.016063999206712986,34.896070556600755
21,elasticnet,0.6600388540049907,0.001,280,443,8,336,646,3,5,6,0.06647163809040217,17.711963200158447
295,elasticnet,0.6854241281600014,0.01,454,532,4,589,439,6,2,8,0.08653268778933522,83.11068500815011
140,elasticnet,0.6473433654917187,0.0001,934,582,-1,703,1190,2,5,8,0.012635685293174449,10.122947757784571
362,l2,0.1857381395979233,0.001,829,311,2,624,435,2,3,6,0.08785592486847067,52.498795544455874
377,none,0.6580724129439074,0.01,805,840,1,1271,449,5,4,7,0.003503250354550536,59.38825128853716
312,l1,0.5798505410494261,0.0001,681,334,2,374,206,3,2,7,0.027331494756749418,15.384505372145984
19,elasticnet,0.7345661136846621,0.0001,365,736,2,1251,877,4,4,11,0.043639043188316434,89.98466958507774
120,l1,0.8360163655301228,0.01,113,7,2,624,816,9,4,11,0.01325872357029372,88.27767317338736
52,l1,0.6611519079087187,0.0001,172,485,1,1284,826,6,3,7,0.0668817724868153,55.35308721584628
347,l1,0.3566383190781113,0.01,994,219,-1,1185,1016,6,4,9,0.013481368699235774,52.49144977711307
98,l2,0.1938417667867386,0.01,277,955,8,619,280,5,2,7,0.045053202016621115,96.42851189119698
265,l2,0.18934434504896516,0.01,496,541,1,442,334,10,5,9,0.0008492288218113875,86.16927654268757
355,none,0.10314356491405788,0.001,755,902,-1,1320,1318,4,3,6,0.031493107493504056,33.09503413298641
381,l1,0.3265553640315371,0.001,997,399,1,878,1343,3,3,7,0.06416850382812883,2.41475583038412
56,elasticnet,0.5373272297946595,0.01,939,533,-1,280,585,7,4,10,0.03078456318351812,96.31701636546455
261,l1,0.11794886556197773,0.001,995,909,-1,270,1327,2,5,8,0.05859214738600145,97.83385701599408
138,elasticnet,0.7038365073474809,0.01,600,381,4,1284,830,3,3,7,0.09583045881403164,14.232170953141429
41,elasticnet,0.12301806509370294,0.001,833,375,4,219,1309,5,4,9,0.024287178213052898,10.269576434759331
346,elasticnet,0.18381445540432886,0.001,736,499,8,1343,313,10,5,9,0.09064271006525924,69.20797022297184
292,elasticnet,0.7234943743247965,0.001,656,974,8,627,1157,6,2,8,0.06068622786768934,55.1723221134714
246,l1,0.4220982957581634,0.01,289,156,-1,1116,618,8,5,12,0.0868976390826216,67.80598389887768
12,elasticnet,0.4219560914137737,0.001,618,460,4,628,195,3,5,9,0.077583934574177,12.870010336320872
286,none,0.3937814494377745,0.001,109,566,1,154,1315,9,5,9,0.0027781536428967304,48.3013638317039
152,elasticnet,0.3484600028279943,0.001,664,397,-1,476,548,6,5,11,0.04373877718496632,28.923969865478497
389,l1,0.4534371000695047,0.001,833,47,4,454,1063,4,2,9,0.03709737354967869,92.77979664850695
101,none,0.8369647116906359,0.01,392,170,4,1192,1195,8,5,8,0.06960539541802299,60.155830453130356
238,elasticnet,0.6241985099912714,0.001,428,470,2,774,1254,7,3,8,0.04268408833321339,72.4428978482093
374,l1,0.7055314615607798,0.001,696,341,2,638,414,8,2,8,0.04301991709325692,73.34466194372139
215,l1,0.8277616869232479,0.001,790,634,4,1231,1119,5,4,8,0.08610066034887953,91.63883515204719
334,elasticnet,0.7513742079445597,0.001,142,17,-1,173,110,8,3,7,0.09344655238863862,57.111432680594646
113,l1,0.26605189371711724,0.01,638,695,4,444,149,5,3,8,0.013493280489573023,87.95687312175033
270,none,0.4829423684366509,0.001,571,705,1,1058,755,6,5,11,0.06373081470137716,78.80992482336488
134,l2,0.8339017698004697,0.0001,350,42,1,936,1397,5,2,8,0.07427856903219665,15.520710302371848
61,none,0.6985907193837194,0.01,600,778,1,763,1394,2,4,10,0.010422641637534636,19.846280209093248
339,none,0.8857301305357054,0.0001,939,339,8,1010,818,9,2,11,0.07746203160047904,88.01789115967445
282,l2,0.888371033591307,0.0001,653,458,8,476,561,8,4,12,0.04659306468654552,13.457465420153124
205,elasticnet,0.4295577522720547,0.001,884,330,-1,179,1382,3,5,10,0.0668309470904093,83.06208972371378
109,l2,0.6039255965318284,0.0001,462,179,4,328,1039,7,5,8,0.025783833679965864,70.1185463968211
176,l1,0.38643597308805505,0.01,202,873,8,867,999,6,4,7,0.07497882988768294,42.466530242687504
301,l1,0.8929940187822996,0.01,711,396,1,680,230,5,5,9,0.0022774234179704263,9.767341017169556
325,l2,0.6650284602794916,0.0001,105,791,8,259,256,3,5,9,0.05774604982596381,20.143950801256178
267,l1,0.4704882656236645,0.001,371,12,8,1287,152,7,3,8,0.047486717757583265,63.07721520557797
126,elasticnet,0.8153791073838983,0.0001,957,532,1,1395,802,3,2,7,0.002301650560204449,79.58992667785327
397,none,0.283562997049592,0.01,789,566,2,420,1345,7,5,10,0.0852418300386026,64.50676131142441
148,none,0.18641051921546872,0.001,286,740,4,321,861,10,2,9,0.09148767335931407,60.56571400760056
388,l2,0.2765672152665779,0.001,663,399,8,799,1061,9,2,9,0.09154811124803204,59.87994131051039
188,l1,0.15805986621490398,0.01,782,26,-1,308,1192,3,5,6,0.013620028346648985,98.5442579088442
322,l1,0.8277207207024059,0.001,980,456,4,282,1382,7,5,10,0.024003016763723864,13.700659436897476
235,l1,0.18304183022480489,0.01,340,21,8,815,1164,8,3,11,0.0384448810865959,25.21642600413196
394,elasticnet,0.7994462003081756,0.01,857,324,2,842,483,2,3,8,0.06291723130721599,23.108980683213076
42,l2,0.6675707781727888,0.001,976,842,8,1217,113,7,4,11,0.07200079964563827,43.58349769783685
288,l1,0.565157465926624,0.0001,812,952,4,708,1112,7,3,11,0.07226587919070869,85.93360037918785
